email,phone,fn,ln,cpf
,5591988804049,BARBARA,VILELA,01841066214
,5593992319806,JAENE,SOARES,80379877287
,5591989065995,ANDREA,SILVA,01900467240
,5591984504053,CASSIO,COSTA,00211300276
,5591980832376,felipe,oliveira,09618871258
,5591991083009,TATIANE,QUARESMA,63459876204
,5591985353594,SANDRO,LOUREIRO JARDIM,66725216234
,5591996699279,sonia,araujo,56731990744
,5591981080079,rosana,batista de almeida,81549318268
,5594992409702,ELIETE,MACHADO,91564328287
,5591999151967,IVAIR,NAVEGANTES,30639832253
,5591985312077,DANIEL,ALMEIDA,01739955277
,5591988129281,MARIA,SOUZA,72108860282
,5591993064183,JANIELE,DOS SANTOS,02881171230
,5591981300841,RENATA,CARVALHO,00553177230
,5591984010940,LARA,MONTEIRO DE CARVALHO,03936692203
,5591980328522,ERIKA,GOES,01978091206
,5591984682856,AMANDA,RAIOL,42653490803
,5591983652537,SAMARA,SOUZA,02311881299
,5591982501215,isabella,Freitas,94164851287
,5591980800191,Sabrina,,04896248201
,5591987067244,DIEGO,FREITAS,10375650709
,5591981675593,Maria,,28679610259
,5591992591212,CLAUDIA,CAMARGO,63214270206
,5591988817256,LIANDRA,PICANCO,01747526282
,5591993651431,CLISSIA,PALHETA,87330130206
,5596991403432,RAFAELA,SOUZA,01604819294
,5591985313635,MARIANE,RIBEIRO,02389302203
,5591992220811,JANDIRA,GAZEL,09186590278
,5591991048535,SIDVALDO,OLIVEIRA,02933746352
,5591998169940,ALICE,SILVA,04315817201
,5591982980626,OLGA,PERES,83725920206
,5591992317839,JESSICA,CORREA,01847342230
,5591985051080,DEISIANE,COSTA,05409753208
,5591993391414,BRENDA,PIO,01690104228
,5591988797812,ANA,FREITAS,52756904287
,5591982570246,LEONILDA,ALVES,06340440282
,5591982535176,ALESSANDRA,NASCIMENTO,70205585264
,5593991067017,WALLYSON,DAMASCENO,71405097191
,5591992907006,DORIELMA,DRAGO,74376683272
,5591988697196,ARETA,MARFRA,79248519253
,5591983286025,ALICE,FURTADO,03614994260
,5591984556539,EVELLYN,MALATO,02056118262
,5591988218234,LUIZ,GROESS,68687605234
,5591982545440,PAULO,PEREIRA,00322430224
,5591980180387,ELTON,ALVES,82746974215
,5591986185363,JHENNIFER,SILVA,04381202210
,5591980988161,WALBER,FREITAS,70410003204
,5591984237772,MAISA,COSTA,06042290207
,5591980113000,ADRIANA,SA,87222205268
,5591985332742,LUAN,SANTOS,01060330261
,5591981673536,FABIOLA,RODRIGUES,81015194249
,5591987347480,TATIANE,MONTEIRO,59402652272
,5591984402242,EDUARDA,VALENTE,02791061223
,5591981321190,FABRICIO,MIRANDA,89999835287
,5591988000425,RAFAELA,GARCA,01542526205
,5591983017151,JOAO,PANTOJA,21919763287
,5591988617596,AMANDA,AURORA,05140014297
,5566981584821,CAMILA,ALMEIDA,03694525262
,5591982854539,RAIANY,COSTA,95027629249
,5591993328012,cintia,costa,66865867220
,5591982722122,estefany,monteiro,01712347233
,5591993463860,CARLA,BEATRIZ LUZ DE SOUZA,01826898247
,5591982236948,Pai,,70699288231
,5591981318466,PRISCILA,FONSECA,01684413222
,5591993059265,LEONARDO,BASTOS,02806373220
,5591993417347,BEATRIZ,SILVA,02967841250
,5591991760799,JOAO,PASSOS,69756457287
,5591989177409,DAIANE,DOURADO,03660147222
,5591992081170,SABRINA,GARCIA,70314452214
,5591985779889,PATRICIA,SANTOS,03577340339
,5591988231998,MICHELE,DO NASCIMENTO,65698711291
,5591989923605,leandro,xavier,06928619201
,5591981354705,THAYS,HATCHWELL,04398120203
,5591987352949,GUSTAVO,PEIXINHO,02289951242
,5591980426781,LUIZ,VITOR,03993784219
,5591980117222,JULIANA,NETO,01384292438
,5591981880435,João,Batista,92821880278
,5591982263846,ARMINDO,NETO,63909596215
,5591980331174,JHONATAN,COSTA,93504403268
,5591993385282,ARIDIANE,MOTA,01359483209
,5591981399554,WAGNER,SALES,71020594268
,5591982713591,HYASMIM,TELES,00007965222
,5591984659535,ANA,LUCIA,91977916287
,5591989101930,DANIEL,LIMA,70440726239
,5591992176153,MONICA,OLIVEIRA,26161737272
,5591989875499,GEOVANA,SANTOS,70261644220
,5591987355821,MICHELE,OLIVEIRA,00494228202
,5591991128905,ROBERTA,MARTINS,89126416204
,5591981904242,BRUNA,SILVA,05372673281
,5591981611270,LANNA,AMADOR,00082399247
,5591981612867,SINEIDE,COSTA,64341089234
,5591980872766,FABRICIO,SANTOS,60864028253
,5591984287248,CLEILTON,DINIZ,82093636204
,5591981944353,CARLIANE,SILVA,42779979291
,5591991599261,WANESSA,MOARIS,87014963287
,5591984596647,dalton,favacho,03859242245
,5591993489981,LIDI,BINASSIUI,00046696229
,5591991560918,DIEGO,FUJIHASHI,11787137767
,5591981346709,ANA,BRAGA,85519650268
,5591982809964,SERGIO,JUNIOR,00306094290
,5591981945500,HELIO,JUNIOR,70503257249
,5591981568368,KARLA,CLEMENTINO,64932451253
,5591984682022,CARLA,MAGNO,04101905274
,5591985271755,RENATA,SOARES,95655328291
,5591920052973,FLAVIA,ADRIANE SILVA,05317685206
,5591982920462,ALEX,SILVA,66202361204
,5591984947395,Emanuelly,,05062875218
,5591985168363,LUANE,ABREU,03801629201
,5591981611594,welligton,lobato,62356577220
,5591982486669,ANDRESSA,SANTOS,02182732233
,5591983931454,VIURLANEDE,GOMES,99592339287
,5591984537336,rafael,do rosario,03661913220
,5591982718959,ONICE,BORGES,62795449234
,5591983961830,CARMEM,LIMA,63126907253
,5591980935517,jucirema,barbosa,64447154234
,5591989171004,JOSE,COELHO,04249929302
,5567981728013,juliana,ataides pereira,05915301398
,5591982087373,Max,Andrey Trindade Moura,02325189201
,5591982186013,LUCIDALVA,COSTA,42444381220
,5591988834955,FABIO,ALVES,22409629253
,5521993725881,LEONARDO,FARIAS,13278351770
,5591982375241,SHIRLENE,LEAL,82790230200
,5591981063193,SEBASTIAO,DIAS,69819351200
,5591988985048,GILVANA,SOUZA,00404466206
,5591998058956,ANDRESSA,MIRANDA,11053573766
,5591981995609,AUREA,SANTOS,70027447200
,557863381318,PRISCILA,BELEZA,93649517272
,5591981892195,ERICA,CAMPOS,00510485235
,5591980533907,ESMAELI,VIANA,01887995242
,5591989479877,DEBORA,OLIVEIRA,04055933258
,5591980670000,LUIS,CARMONA,00092389210
,5591992163001,DJAIR,JUNIOR,95460454204
,5591985049060,ESTER,FRANCO,78627672253
,5593991463967,LUCIANE,ALVES,70008938261
,5591980537474,JAQUELINE,OLIVEIRA,01009047264
,5591983274779,OZIANNE,OLIVEIRA,90143884204
,5591982532203,JESSICA,MARINHO,02605225208
,5591982531770,DAYNARA,SILVA,03219329276
,5591984028902,ISABELA,CARNEIRO,01144888271
,5591984527808,CRISTIANE,SOUZA,67029655249
,5591988462246,LOUISE,LIMA,94717397215
,5591981100120,VANJA,PANTOJA,96503297734
,5591982093110,ARIELSON,FURTADO,02827467224
,5591983489805,JULIANA,AGUIAR,02599972264
,5591984349111,TAMIRES,FLORES,06668320210
,5591981261219,laisla,medeiros,02804512290
,5591982952827,jose,neto,01750487209
,5591981720034,THIANE,BATISTA,01032920203
,5591996234643,AMANDA,CARRERA,00104820241
,5591984904782,LEVISON,ALMEIDA,01312752246
,5591985540205,thamires,martins,06239459240
,5591998403106,manoel,mauricio moura de jesus,79621937272
,5591984575471,ALANA,AMORIM,03158690209
,5591989190023,SUELEN,MOTA,80959717234
,5591992776891,TAIS,SILVA,94655065249
,5591998351922,RAQUEL,GUEDES,05253451242
,5591984151066,BRUNA,CUNHA,96387890268
,5591986188663,GLEISON,SOUZA,02043605283
,5591992513908,NAIANA,TAVARES,03761445210
,5566992082391,BRUNA,SURUI,07334304144
,5591993823947,Thayssa,,08984518255
,5591998417715,JHENIFER,FONSECA,08565639274
,5591993246030,LUCIANA,SILVA,83873813220
,5591982978906,HAISNAINA,BRITO,01546032282
,5591982335253,LENO,SANTOS,42565014287
,5591985102949,JOAO,MOREIRA,03805651295
,5591982500333,NATALIA,SILVA,79887902268
,5591992432280,KARINA,SENA,75000393287
,5591981427387,LUANA,SANTOS,02799309259
,5591982668926,RAFAELA,RODRIGUES,98946170263
,5573998367190,ANDRE,LIMA,09062865496
,5591989423733,CARLA,CARDOSO,91207967220
,5591983274858,JURACILENE,PADILHA,78962064200
,5596984369203,MONALISA,PEREIRA,94187606220
,5591984005394,RICARDO,CALIXITO,78202221587
,5591982910641,DJULI,SAMPAIO,89875290297
,5591989276267,DJULYENE,BEZERRA,04089795265
,559199826071,ANGELA,TRINDADE,33242267249
,5591988070424,JOYCE,VILAR,82826234234
,5591981623852,ROSEANE,MAGALHAES,68826931291
,5591992534704,WALMIR,CAMPOS,66196817272
,5591981060557,CARLA,ALMEIDA,53390962204
,5591981478438,ROBERTA,SILVA,70128286253
,5591982182282,ROBSON,FARIAS,93989415204
,5591999062844,SILVANA,PETY,67916376253
,5591984577171,ORLIANE,AIRES,02154620256
,5591980322494,WILLIAM,MELO,01586799207
,5591991488324,LARISSA,LOPES,03948499225
,5591996136776,IRIA,ANGELIM,00674479297
,5591983562387,LARISSA,REBECA,83955666204
,5591988897887,SAMUEL,MORAES,91894786220
,5591988001110,CAMILA,BARROS,00467246211
,5593991741419,PRISCILLA,BARBOSA,06522877945
,5591981045527,ALAN,,93581718200
,5591987470828,MAURO,JUNIOR,00721809278
,5591982827443,BEATRIZ,ALVES,02252655240
,5591996273257,FABIANE,COLARES,68705808200
,5591981490217,PAMELA,PAIVA,91943396272
,5591983476246,LEILA,SILVA,81412347220
,5591993070732,MARIA,FONSECA,96377925204
,5591999060001,FERNANDA,SANCHES,86893025220
,5591992770961,SARA,SOARES,02020648245
,5591988146450,GISELE,FERREIRA,00558835244
,5591996063102,ANA,CAROLINA COELHO,02040933255
,5591991898489,DANIELLEN,PAIVA,85077119287
,5591980268935,SUZANE,MARTINS,77245075204
,5591989443659,NILZA,MONTEIRO,01544696299
,5591983040195,ADRIA,MELO,02037517289
,5581997401889,BRENDA,RIBEIRO DE ABREU,42380122830
,5591991208495,ROSE,CONCEICAO,01153809222
,5591992928887,ingrid,da silva,03214638203
,5591986420100,Diely,Cristina Souza de Araújo Lopes,01406742252
,5591991053241,ELIZABETE,BARROS,01724602390
,5591981498844,MARCELO,LIMA,84416670206
,5591980402922,AMANDA,TRINDADE,02362657256
,5591982680558,FABRICIO,VILAR,70190449217
,5591996128846,ELISANDRA,SARRAF,78450977215
,559198122052,VANIA,GUEDES,91952417287
,5591993191122,JULIANA,OLIVEIRA,97420670234
,5591981241441,JOSE,AFONSO,52825710210
,5591982644122,KARLA,PATRICIA,68980370210
,5591980723522,DAIANE,SILVA,03984234236
,5591980718040,JOCILENE,RODRIGUES,80570500206
,5591983872302,GISELE,RIBEIRO,86767909220
,5591992245819,JAQUELINE,SORIA,95555501234
,5591983856467,ISABEL,CASTRO,42555558268
,5591996295486,CYNTIA,SOUSA,47987243272
,5591980141301,VANESSA,CARDOSO,78638151268
,5591982952091,BRUNA,BRITO,88747506253
,5591983202852,BARBARA,BANDEIRA,96191414234
,5591999870632,ANA,ALEIXO,82192847220
,5591982994593,ANE,SANTOS,05302848201
,5591981359292,ELEN,RODRIGUES,86642170253
,5591996375748,CELEIA,SANTOS,94740194287
,5591989578449,FLAVIA,MARIA,03624190270
,5591983604616,ALCIDES,MOURA,81717970249
,5591991550338,CARLEIA,FREITAS,02866604237
,5591982572128,LILIANA,VIEIRA,57602719204
,5591982149675,ANDERSON,NEVES,01579429297
,5591986088097,MERCIA,COSTA,04156360270
,5591989042913,CARINA,PANTOJA,58146970249
,5591984143423,PAMELA,APILES,02541373260
,5591989572523,ANA,CLAUDIA,00103936254
,5591981423260,WILCICLEIDE,OLIVEIRA,63290065200
,5591981711651,JESSICA,OEIRAS,02634923201
,5591993855412,EDER,PEREIRA,81681801272
,5591981941961,LUANA,AZEVEDO,91505453291
,5591992434165,GESSICA,MENEZES,06224549435
,5591981101973,LUCIANA,TAVINHO,80402887204
,5591981908526,JOSELY,CORREA,03579068296
,5591981036346,paula,teixeira,25947184249
,5591981447513,PEDRO,SILVA,86778480297
,5591985880755,RUI,SILVA,67008364253
,5591984779652,ADMIR,FILHO,81226055249
,5591987019177,DEUSIANE,RIBEIRO,98519867200
,5591989207005,SILVIO,JUNIOR,01280877227
,5591985395876,FERNANDO,OLIVEIRA,88505626249
,5591991632432,KARINA,COELHO,03170265261
,5591980299535,PAULO,FURTADO,89493028291
,5591988320791,MILENA,SANTOS,80336523220
,5591988473120,JAQUELINE,MALCER,94952990206
,5591989053591,ALINE,CAVALCANTE,01646404289
,5591981653970,JAMILE,NAVEGANTES,76089355291
,5591983024446,TAYNARA,CERQUEIRA,98915380282
,5591991666044,LUCIA,LIMA,08131082253
,5591989488442,TEREZINHA,NOGUEIRA,12460915268
,5591983868886,ELAISE,FURTADO,02459723237
,5591981413391,FABIO,OLIVEIRA,53737415234
,5591981495828,ISABEL,GUEDES,02499472260
,5591993797148,JHENNIFER,NUNES DA SILVA,01698665210
,5591982764017,JOSILENE,LEITE,71056556234
,5591985641501,KELY,RAMOS,90167201204
,5591987042497,JACKELINE,FONSECA,02133045201
,5591987082492,SONIA,RIBEIRO,59331852215
,5591988818865,suellen,silva,83973419272
,5591981544900,ALINE,LAFAYTTE,83294325215
,5591989500023,ANA,PAULA FURTADO,85192252253
,5591982444081,ERICA,GOMES,02772044297
,5591980723340,MICHELE,SANTOS,70929750268
,5591980629114,STELA,MAGALHAES,93196741249
,5591981031402,BARBARA,TEIXEIRA,00007495242
,5591983075670,NUBIA,ALMEIDA,96441593220
,5591986150479,RAFAEL,SOUSA,00720107202
,5591991327175,DEIA,ARAUJO,44308027268
,5591980884340,KEVIN,NAZARE,90711530297
,5591991555105,MARIA,MOURA,62921614200
,5591982387171,MARCEL,MARTINS,65261976200
,5591989929583,DIANE,MOURA,92137849291
,5591984828376,DAIANE,SOUZA,01625729219
,5591989228540,SANDRA,SOUSA,74839594287
,5591984343827,RUI,GUILHERME,30273412272
,5591985630095,LUCINDO,JUNIOR,01200573285
,5591981149900,ana,paula stauffer,09624370699
,5591993160290,MARIELE,FERREIRA,01937623238
,5591985383611,GABRIELA,LIMA,79573789272
,5591998314839,PAULA,CASTRO,94691991204
,5591986014403,Katia,cristina,68773897272
,5591981230547,ALYNE,LOUZEIRO,70952876272
,5591993545445,LUIS,MAUES,71369660278
,5591989002597,JAQUELINE,MARCENA,94780463220
,5591991490101,MARIANA,RODRIGUES,03040368206
,5591988434244,LIVIA,RODRIGUES,78688132291
,5591985280293,ROSIANE,MARTINS,01539824209
,5591993793969,HANNA,SILVA,03541799269
,5591999135259,VALDIR,JR,01522517235
,5594992805650,TALITA,SANTOS,01061377270
,5591982280917,camila,monteiro,00027589200
,5591988948664,MARCO,MIRANDA,81653506253
,5591981311887,FRANK,SANTOS,77278062268
,5591998114003,CARLA,MIRANDA,78687675291
,5591981428817,ANDREIA,MACHADO,51732866287
,5591992308015,JACKELINE,NEVES,00907350216
,5591981122933,CECILIA,MACEDO,52621928234
,5591982815315,LIVIO,FONSECA,94657874268
,5591989435911,ANDERSON,VALE,99745186287
,5591988871718,GILVANA,PEREIRA,68181230230
,5591988266666,BRENO,LEITE,79595030287
,5591982693478,DEISE,ALVES,92195180234
,5591984415380,EMELY,CALANDRINE,78584507272
,5591983795253,PRISCILA,ALMEIDA,00574971254
,5591981157670,LYSIE,TAVARES,69390100259
,5591981371028,VALMIR,SANCHES,21896232272
,5591980985451,VALERIA,VALE,02363450280
,5591991320101,MICHELLE,AZEVEDO,74060562220
,5591981811564,ANA,CRISTINA,52871541272
,5591992877214,SUELEN,PENA,88364089234
,5591998064041,TATIELE,MONTE,97863181291
,5591985471252,CAMILO,SILVA,03984521219
,5591993570505,LETICIA,MESQUITA,70855552204
,5591982774345,LILIANE,FARIAS,72548142272
,5591982274363,PAULO,MENDES,74839799253
,5591993476618,RICARDO,GONCALVES,64673227204
,5591984969462,DANIEL,SERRAO,01606066242
,5591985778115,ERICA,SANTOS,01384550232
,5591985679631,MARIA,EVANGELISTA,02083750233
,5591989598552,LARISSE,PASTORE,68034873268
,5591987354945,DANIELE,SILVA,01507153236
,5591993070231,LOURENA,ALARCON,70473081210
,5591987289831,CLEONICE,SANTOS,91370825234
,5594991050101,ANDREI,BARBOSA,65873904200
,5591985376797,JULIANA,ALCANTARA,02321115297
,5591982390551,JAKELINE,OLIVEIRA,00272583278
,5599991885802,DARLENE,BEZERRA,02001999356
,5591983944257,LUANA,SOUZA,04677748209
,5548984580539,ELIAN,DE OLIVEIRA,06203041203
,5591980417421,NAYHANNA,GONÇALVES,80588336220
,5592982222485,camila,torres,90533011272
,5591982453665,jessica,goncalves silva,06909750233
,5591982996995,Renata,freire,02979015245
,5591998062294,MONIQUE,ALVES,02079312162
,5591987253603,SAMIA,REIS,03313779263
,5591982368497,ROMULO,COSTA,01539807290
,5591983589185,ADRIANO,SANTOS,99276607234
,5596991215709,ALESSANDRA,TAVARES,02534945246
,5591983569953,MARIANE,FREITAS,00430826290
,5591981713894,CRISTAL,VASCONCELOS,03160342239
,5591983058077,KASSIA,VASCONCELOS,97356468204
,5591982396461,YASMIM,MAGALHAES,02262873275
,5591984661884,GISELE,SOUZA,82877637204
,5591982040888,ANDRESA,MORAES,84649798272
,5591981621600,ESTEFANY,NASCIMENTO,05065449236
,5591983016300,TAINA,MIRANDA,00135465206
,5591980191759,LAYANE,LIMA,06687867288
,5591983257107,NADIA,COSTA,45284407253
,5591981123161,YASMIM,CHASE,00903073218
,5591980187305,MICAELE,FERREIRA,70215934229
,5591991242441,JOAO,CARNEIRO,51703270215
,5591991297576,PATRICIA,NASCIMENTO,00308509242
,5591993808605,VITORIA,ROCHA,03453024273
,5591985026382,LEA,CASTRO,02748317246
,5591993501306,ADRIANA,SANTOS,61198609249
,5591980468650,CARLOS,COSTA,02896332570
,5591985532960,ADALERCIA,AIRES,44311958234
,5591984995897,SOLANGE,RIBEIRO,02140394208
,5591982934610,ENILZA,PANTOJA,93765169234
,559199834901,ALINE,MONTEIRO,02061634281
,5591980140930,SUELEN,CARVALHO,04320545290
,5591981564129,PEDRO,NUNES,76611019200
,5591984363699,ADRIANA,LOPES,63097567291
,5591991570777,HARLESSON,LOPES,01920581340
,5591982628555,DINAERCIO,SILVA,70030812291
,5591983607219,PAULA,ANJOS,96743905291
,5591981999790,RAQUEL,FARIAS,09300994271
,5591987056709,VANJA,FERNANDA,03773325266
,5591982656093,EWERTON,,00298951207
,5591981389811,DENISE,LOPES,61383708215
,5591981853614,FERNANDO,TAVARES,95084975215
,5591986207562,LILIANE,NASCIMENTO,02045229270
,5591981926158,ADRIA,CONCEICAO,04285068281
,5591981004864,ROMULO,ALMEIDA,80385923287
,5591998370269,JONAS,SOUZA,73356506234
,5591993699028,RENAN,SILVA,00121521290
,5591981296872,MEIRIELLE,AMORIM,74915380297
,5591985752685,TAIS,ANDRADE,02065163208
,5591991726779,BRUNA,SILVA,12168377758
,5591985318118,IGOR,ALVES,69203393234
,5521981454526,Roberta,Goncalves,79184650249
,5591982471102,MICHELE,SOUSA,74408488291
,5591981559383,ROQUE,DPAULA,95501606100
,5591980848482,TURIA,ROCHA,01074134184
,5591989088203,ALEXANDRE,RIBEIRO,03019216281
,5591996163626,IANCA,MEIRELES,03677227208
,5591982126485,JOSE,ANJOS,02321477288
,5591982416586,ROMULO,BARBOSA,65826108215
,5591987311432,JHULI,CASTILHO,01587122260
,5591985072944,NILSEIA,ALVARENGA,19254245291
,5591999823855,REGINA,SILVA,21945187204
,5591984627002,ANDRE,PONTES,65671619220
,5591988158837,RAFAELA,ZOUGGAR,01588464270
,5591984913285,thales,maues,03646340223
,5591988498514,ENDRIA,MARQUES,05304082281
,5591980761338,Rafaela,Silva,01313297232
,5591984071784,GIOVANNA,FREITAS,01709511206
,5591985158728,BRUNA,MIRANDA,03735260241
,5591983380203,CINTHIA,BEZERRA,94591580210
,5591992606246,MANOELA,QUARESMA,01849567220
,5591991545490,ALINE,BORGES,00614342210
,5596981381835,WANNE,RODRIGUES,00858494213
,5591985563258,ELYSANGELA,CARRERA,60476150230
,5591980874493,MANUELA,GOUVEA,92742491287
,5594988169328,CAROLINE,MATOS,88381641268
,5591991517257,JOSIMO,MARTINS,87020335268
,5591982686320,SILVIA,BASTOS,03990688219
,5591983545336,TAMARA,ROQUE,67441513200
,5591982180092,INGRID,FARO,00262245264
,5591985275216,FELIPE,BELTRAO,03003585207
,5591989437783,VALDINEI,CORREA,93812302268
,5591987010233,KASSIA,MIRANDA,00002986205
,5591989115966,ANA,RIBEIRO,04948705241
,5591981470416,LARISSE,TRINDADE,01221354230
,5591992446276,ALANA,FARIAS,04008338241
,5596981445215,MAIRA,PINTO,01846306221
,5591982825446,RAQUEL,TAVARES,91078768234
,5591985332219,GABRIELA,CORREA,72236914253
,5591985630433,LUAN,LOBATO,50934260249
,5591982697750,MARCELO,ALBUQUERQUE,03677590205
,5591982413042,NATASHA,GUERREIRO,22271453828
,5511915390031,ANA,MASE,04122770262
,5596981431547,JULIANE,LEAL,01689917210
,5591980540020,RENATA,COSTA,95506969287
,5591992888051,luana,cruz,03390134271
,5591982514159,SHIRLENE,BRANDAO,00497641283
,5591991006930,MAYRA,SANTANA,89751655234
,5591981480306,JANAINA,CORREA,78716381220
,5591992514455,PAULO,CUNHA,79897355200
,5591982718099,FABRICIO,SAVEDRA,92478751291
,5591983167780,TAMIRES,RODRIGUES,88652394253
,5591982982077,EDIONES,COSTA,77520289249
,5591992178688,RAFAEL,SOUZA,78405998268
,5591998049196,ALINE,MOTA,98914723291
,5591993221141,ANDERSON,JESUS,84106417200
,5591980145882,HAROLDO,SILVA,38092387249
,5591998404876,MARCELO,CRUZ,02084221293
,5591984268271,RONALD,VIEIRA,01855653281
,5591984857915,GESSICA,HAIRA MARINS FREITAS,00865280258
,5591985790250,MARCELA,GONCALVES,02678478238
,5591980550068,KEILA,MONTEIRO,93435215291
,5591988750955,THIAGO,LIMA,78838410259
,5591981279415,CAROLINE,MAGNO,97271683291
,5591981875612,SANARA,CAPELA,77369254291
,5591996245532,CAROLINE,SANTIAGO,71039040225
,5591984293342,JULIANY,MIRANDA,74594745253
,5591991691355,JOSE,FERREIRA,03801994759
,5591980643635,CAROLINA,SANTOS,70421153253
,5591987545752,GABRIELA,FONSECA,01037923251
,5591982038113,RAFAELA,BIGATAO,95050469287
,5591985802643,ELIZANE,PANTOJA,03916780271
,5591984599926,FABIO,LEAO,01342640292
,5591989865656,JULIANA,ALMEIDA,03291755219
,5591993299100,JOSE,ALBUQUERQUE,17121760215
,5591980972013,Carla,katarina kituthi,00473503263
,5591984640054,AILTON,CRISTO,00237462206
,5591980130668,ELIANE,PINHEIRO,63151499287
,5591984934753,Adielson,Silva Barbosa,03878930321
,5591984025858,SARA,COSTA,96237538291
,5591985977594,RODRIGO,NEGIDIO,59216395249
,5591991127013,CLAUBER,FREITAS,86928279249
,5591986083024,GLAUCIA,DE CARLES,01933194200
,5591985442106,LUCILENE,NEGRAO,93352840253
,5591981167947,MARISOL,FARIAS,99593475249
,5596991214050,NAINA,CARMO,94932204272
,5591993601283,Maiara,madiele Costa laudias,04004982278
,5591980155351,RAYSSA,GUILHERME,94898952291
,5596991528113,daiane,gomes,01767078242
,5591985530042,EMELY,BRANDO,02192405235
,5591992010119,SIMONE,MOURA,55920624272
,5591982617901,JESSICA,PINTO,98150545204
,5591981286868,TAINA,SARMAHO,01911497219
,5591992966212,FLAVIA,SOUZA,05938400201
,5591991001820,PEDRO,SANTOS,00560188277
,5591984046087,PAULO,SILVA,37105701234
,5591982848929,PALOMA,ROSARIO,00903617250
,5591980458767,LEONARDO,AGUIAR,02770126350
,5591992543993,LIRIA,ALMEIDA,04136672276
,5591993429545,TIELI,SANTOS,00856736252
,5591980438587,NEUZA,LOBATO,18613918204
,5591982265594,MARIA,MORAIS,43035450234
,5591982360407,NADIA,OLIVEIRA,02519044233
,5591983503960,YASMIM,ALVES,01397364254
,5591984817410,ALEXANDRE,SILVA,01262601258
,5591991391142,ROSINEIDE,DUARTE,02166161235
,5591992650026,MAYRA,COSTA,00485074150
,5591999663653,YLSELEM,OLIVEIRA,00098328239
,5591991655445,KAREN,SILVA,71057420204
,5591982985013,AILTON,OLIEIRA,67053823334
,5591991381447,WILMARA,SOUTO,00340518219
,5591980526338,LUCIDEIA,SILVA,00873188225
,5591991228119,WAGNER,PEREIRA,67844480220
,5591981764355,VALDIMIR,OLIVEIRA,17123380215
,5591982886840,LIVIA,CARVALHO,99329743234
,5591986057025,RAFAELI,SOUZA,03068443202
,5591984941062,GRACIETE,CORREA,02072834350
,5591983471860,DIEGO,COSTA,98520768253
,5591984214214,DEBORA,BRAYDE,85619728234
,5591992498834,GUSTAVO,BUENO,92033679268
,5591982121188,ARIANE,LIMA,07258859209
,5591980160076,PRISCILA,POSSA,00598188240
,5591981224559,MAYCO,SARRAF,74157396200
,5591981865870,PALOMA,MONTE,00679326227
,559199910011,REGIANE,RIBEIRO,45417350249
,5596984075316,THAYNARA,HAUSSLER,00531640248
,5591981871184,FERNANDA,GOES,76001091234
,5591998216795,MARIENE,RIBEIRO,81538235234
,5591991460906,EDINALDO,MAIA,90912160268
,5591985621061,VANESSA,MONTEIRO,00239478290
,5591982183337,JOSE,OLIVEIRA,75513293234
,5591985569347,DENIS,SILVA,01995907294
,5591980889556,LUCIENE,BRITO,83931104249
,5591985157532,FABIANA,DEUS,84632100234
,5591980260870,ALESSANDRO,REIS,03427748243
,5591986395540,MARCOS,SILVA,76956822253
,5591996036679,ANDRE,ALMEIDA,02409874207
,5591991628376,ADILSON,ALCANTARA,42926912234
,5591981983288,BRUNO,ROSA,67448291220
,5591982805336,SELMA,FERREIRA,42304130259
,5591982216655,RUBENVAL,CAESCAES,25139843234
,5591993684803,Lucas,,04420070277
,5591981347413,ZAIRA,FONSECA,44966423287
,5591986069798,ANA,MOTA,03837040224
,5591981120415,JAMILI,CRUZ,75672464220
,5591981262424,MABIA,PAIVA,01341325210
,5591998382205,ANA,SILVA,01910959235
,5596981408025,MICHELLY,SARMENTO,89350081253
,5591999030734,KIARA,DIAS,95273204291
,5598970033210,josivania,da silva,06145013346
,5591985486320,YOLANDA,LEAO,02547577232
,5591984906039,MAILA,SOUSA,08922611294
,5591980261936,ELOANE,ARCANJO,02277924245
,5591981112304,OSVALDO,BOULHOSE,02055968270
,5591987210300,OLGA,MOREIRA,60828722234
,5591982827494,FERNANDO,FERNANDES,71156194253
,5591989952294,BARBARA,SANTOS,03137156297
,5591981967269,EMELI,MENDONCA,07034762201
,5591983478444,OTAVIO,LEITE,00970049285
,5591983372601,GABRIELA,BRAGA,52920038249
,5591982328898,PATRICIA,CAVALCANTE,88455564253
,5591982595248,EVA,CORREA,03279011280
,5591984426177,LILIAN,CARDOSO,00390943240
,5591989175292,THEISLA,RAIOL,71077162200
,5512981329900,MARCIO,MONTEIRO,86300792234
,5591992590852,RAMOM,ARAUJO,74692593253
,5596981127741,DANIELLE,MORAES,66565880263
,5591983568111,LORENA,CARDOSO,02149739216
,5591984084672,FABIANA,FRANCO,01285842200
,5591980757200,DEISE,RIBEIRO,02135650218
,5591983541248,JEANE,SILVA,81140002287
,5591983889082,MARCIO,OLIVEIRA,42693250200
,5594981668333,ELAINE,SOUSA,00538199261
,5591985003663,MAIARA,PEREIRA,01613157207
,5591982179201,GABRIEL,SILVA,02142921264
,5591991333594,RAYSA,CORREA,00338254242
,5591988271494,ROBERTA,OLIVEIRA,02706527285
,5591984110144,MARCELI,SANTOS,02206336227
,5591985158098,BRENDA,SANTA ROSA,00901154229
,5591985162241,ANOUSKA,KUNATH,94836680263
,5591982757143,LAURA,FERREIRA,88535797220
,5591981359948,LUCAS,LIMA,53386779204
,5591983557615,KELLY,ALVES,76906558234
,5591985452002,SALETTE,SOARES,15773400278
,5591981115577,THIAGO,OTANI,81681976234
,5591984803585,MARA,SILVA,68601476287
,5591984282207,ANA,CARLA,82669236200
,5591998569208,KARINA,MENDONÇA,01180367260
,5591993426800,RENATA,MACHADO,00128169222
,5591981357040,LENICE,BITAR,88681254200
,5591984189710,DELSON,TEXEIRA,80800483200
,5591988020781,THALES,CANETE,93586647204
,5591980529873,SHIRLEY,SOUSA,02550081200
,5591980157220,FABRICIO,LOPES,01751523225
,5591992004406,JOSE,MORAES,03843876240
,5591984848118,NATASHA,BRAGA,99853256215
,5596991909437,CLAUDIA,VALHIEIRO,80025420291
,5591993077133,RUBENS,MENEZES,63628147204
,5591981020235,NATHALIA,BASTOS,93098723220
,5591986042862,PATRICIA,OLIVEIRA,04931455247
,5591983677216,WILFREI,SOARES,69074429220
,5591981554164,CARLA,LANDINE,73242292200
,5591982709398,IVONE,BRIGIDA,80633340278
,5535999584659,CAMILA,SANTOS,10612132692
,5591983397725,LUCIANA,ANDRADE,00138367221
,5547991201729,ANDREIA,SOUZA,93903472204
,5591982337411,ANA,PINA,76454088200
,5591980826210,N,AYRA MACIEL,51944464204
,5591982815221,GISELE,SOUSA,94683581272
,5591992771001,MAYARA,COELHO,83316337253
,5591981932034,WANESSA,PINTO,94175705287
,5591991934238,BRENDA,FERNANDES BARRA,75712458268
,5591985518547,RAFAELA,SOUZA,02233170202
,5591991650735,KEISSIANE,AMARAL,02504018274
,5591984954408,VERONICA,SILVA,84627042272
,5591984988934,ANA,DE JESUS,70185963277
,5591993268630,CARLOS,FERREIRA,86436066268
,5591982447501,ALESSANDRA,DIAS,72661739220
,5591992311215,JOELMA,MAIA,94787743287
,5591987651405,GYRLANY,BAUES,98633821249
,5591984939378,ELIAN,SILVA,03012015280
,5535999514625,ALYNE,NASCIMENTO,10028214790
,5591991505082,JOALMIR,ALVES,94932697287
,5591985952533,ANA,LUIZA FERNANDES,02581568216
,5591993280982,ALINE,FURTADO,02920702254
,5591981620326,MOISES,CAVALCANTE,84648872215
,5591981431772,JESSICA,PORTO,74762362204
,5591980830653,LIVIA,RIBEIRO,01037067207
,5591982829712,LAYLA,COSTA,03068156211
,5591981692533,SANDRA,SILVA,16756606204
,5591981170634,ADRIANA,CORDEIRO,87299909200
,5591993404429,Gabriel,dos Santos,06211574223
,5591981301691,GLECIANE,AGUIAR,01659511259
,5591991804545,TATIANA,QUEIROZ,72274565287
,5591980745481,RENATA,CARVALHO,01850779279
,5591980726558,DELMARA,NASCIMENTO,02835742328
,5585998359452,BRUNO,AMORIM,61067537333
,5591985315965,MARCELO,BARRETO,96274328220
,5591988646069,ESTEFANY,MARTINS,03110599295
,5591984255994,erica,da silva pinheiro,60591285215
,5591984980990,jose,junior,02499903260
,5591985500380,MARCOS,CHAGAS,67457169253
,5591982295439,TAIANA,DIAS,00364281243
,5591988935216,BRENO,CARNEIRO,79657060249
,5591984338591,LEONARDO,LIMA,70135743176
,5591982152855,LEONARDO,BITTENCOURT,74919881215
,5591983509398,DILCILENE,COSTA,00942503244
,5591982310669,ELIANA,ABRACADO,10924566272
,5591984977781,JULIANA,OLIVIERA,02871399212
,5591983630007,GEORGE,FILHO,00033591237
,5596981400925,GUSTAVO,ARANHA,02216283207
,5591992221314,BRENO,ANDRADE,87168464272
,5591980739824,CRISTIANO,REIS,00081770235
,5591983677665,DANIELLE,FERNANDES,88621197200
,5591985125703,JOSILMAR,SOLIM,68398913215
,5591998082947,pamela,oliveira,04573683224
,5591980110597,denise,seabra,67353681268
,5591985234453,mayko,sousa,02307795227
,5591981113349,TARCILA,LIMA,84773995220
,5521993642478,PAULA,LIMA,56454279200
,5591981819782,SILVIO,BARBOSA,41046706268
,5591984355366,BRENO,GARCIA,02055196286
,5591984561110,AKIRA,TAKEDA,01263589235
,5591982139235,VERA,BARROS,13680463200
,5591981159425,FAELEN,SILVA,96268034287
,5591984725766,KLEBER,SEABRA,76480488253
,5591999650144,THAIS,PINTO,00924206217
,5591991465365,HAYDEE,CARDOSO,72051469253
,5591986231254,ZARA,GONCALVES,05789062288
,5591982996940,LEONARDO,RODRIGUES,02947006259
,5591983848827,JOAO,FELIPE,92888550253
,5591988885607,ALZENILDA,SAMPAIO,62358227234
,5591981346782,RAFAEL,MELO,01223264238
,5591981336631,ANA,BRAGA,94388130206
,5591981257195,JOSE,JUNIOR,95260277287
,5591984338825,GLEICE,CONCEICAO,92166105220
,5591983686042,FLAVIA,SOARES,02182850279
,5591983594733,ANA,LETICIA,02776089295
,5591980470852,RENAN,SILVA,01922826200
,5593991940113,HILTON,FRANCA,59513799204
,5591989011108,CLEISE,MOREIRA,88250482204
,5591983573556,EMANUELLIE,SILVA,05150948209
,5591988746592,PEDRO,PANTOJA,88492338253
,5591981200012,LAURA,PINHEIRO,62782673300
,5591985962424,GEOVANA,ALBUQUERQUE,02843898200
,5591993468595,THAIS,BRAGA,01281220213
,5591983443430,TILIANE,ALVES,01847164200
,559198358718,JULIANA,SANTOS,04036797298
,5591982472509,PAMELA,CORREA,02077085258
,5511974456861,JAQUELINE,ESPEZO,35797362805
,5591980747932,EVELYN,CORREA,05834843280
,5591991641918,CARLA,CARDOSO,08174492216
,5591989798585,ULLY,DIAS,01079128212
,5591984972242,JOSIANE,LIMA,94481733268
,5591981420512,LUCIVAL,,91895812291
,5596991661826,DANYELLE,ARANHA,02556240261
,5591983000917,rynna,pinheiro,01332343201
,5591993169238,VANESSA,GUZMAO,98492101253
,5591988115901,ENEIDA,COSTA,60960620249
,5591982129906,TAINA,SILVA,03518327267
,5591986004038,EVA,LIMA,04138574255
,5591989120032,VIVIANE,BRITO,01762906210
,5591996259083,luan,mendes,02746877201
,5591982430000,THAIS,GOMES,71719423253
,5591981003672,CAMILA,RAMOS,00914825267
,5596991872995,MICHEL,MASCARENIAS,87166313234
,5591991901605,ERIKA,BALBI,99780160230
,5591989371010,FABIO,GENTIL,84095636220
,5591981246639,LUCIANE,PIMENTA,00651920280
,5591982173121,JULIETE,VALDEZ,00425065227
,5591981765700,CRISTINA,CORREA,18798152220
,5591981581111,LEANDRO,MATOS,75937093291
,5591985187683,HAYRA,DE JESUS,02307527214
,5591993302279,THAIS,AMORIM,03620741271
,5591982254407,TAINA,BRITTIS,01443129216
,5591962946455,BATISTA,FERREIRA,02320912185
,5591991576108,CARLOS,SILVA,63356430220
,5591992656536,JESSICA,SANTIAGO,00523200226
,5591988226785,YARA,MARTINS,04094074295
,5591981395326,DILENE,VERA CRUZ,61505269253
,5591983412521,LIVIA,SEABRA,95556966249
,5591992249907,ALAN,DIAS,74695088215
,5591984116888,CAMILA,PINTO,03137043255
,5591982035722,JHONY,FREITAS,00366642278
,5591985391712,DAILANA,FARIAS,02534077295
,5591985099905,DORIVAN,CARDOSO,03804146279
,5591981580459,LAISE,MEL,95670564200
,5521967515609,JAQUELINE,PONTES,82331472220
,5591982078209,LUANE,LACERDA,01561778206
,5591980546850,IZABELLA,AMORIM,02555626247
,5591984549137,JACLEISON,BRAGA,01926522222
,5591998404740,LAISE,SILVA,91778905234
,5591985445415,TAINARA,LOBO,86456490200
,5591993591137,LELIANE,SANTO,78898196253
,5591982003322,REGINA,ALBUQUERQUE,37735993234
,5591988473147,CAMILE,SANTOS,10354002279
,5591989710447,john,lobato,01203823266
,5591981092890,PAULO,CALVACANTE,67062903272
,5591984023585,MARLON,SOUZA,64584216649
,5591984256465,SUELY,DA SILVA,00705093280
,5591982524381,ANA,MONTEIRO,86748335272
,5591981042880,DEISIANE,BACELAR,69667594220
,5591983081908,ITAMAR,NASCIMENTO,96395010263
,5591985652335,beatris,pantoja bandeira,02682803202
,5591994394580,PABLO,RAIOL,03258532230
,5591984982184,LORRAINE,AMARAL,00764748289
,5591993202685,OSEIAS,MORAES,85524336215
,5591982619228,MARCIO,VIANA,81504438272
,5591984271430,Daniele,,84936630268
,5591998318796,ALTAMIRA,ANTONIA,97291617200
,5591989444490,MONIQUE,MENEZES,01268302236
,5591985120195,FERNANDA,PALHETA,01250097207
,5591991869445,CLAUDIA,MEDEIROS,03809701394
,5591991151271,Maria,Guzman,71009231235
,5591992752447,ozana,oliveira,05897217203
,5591986165541,CAMILLA,SADALA,00509106200
,5591984826738,EDSON,CARVALHO,78464501234
,5591987143894,Antônia,Eloane de Araújo Barros,94325820272
,5591985872814,ROSELI,COQUEIRO,91572282215
,5568981033626,PAMELLA,SILVA,06569050427
,5591985079285,KETHELEM,CRISTINA,04228512216
,5591981458988,MICHEL,CRUZ,62056220253
,5591991208580,GERSON,JUNIOR,09155575250
,5591992557553,CAMILA,SANTOS,83423443200
,5591982832009,jose,freitas,02815283220
,5591984357425,CYNTIA,SILVA,63826461215
,5591981378953,ANDRE,LIMA,74245139234
,5591982920844,LUIS,COLARES,84404647204
,5591981727996,JEFFERSON,BATISTA,02227321210
,5591980171073,TALMA,OLIVEIRA,64341372220
,5591988580182,LUDMILA,VILHENA,03650853248
,5591982500909,LETICIA,PALHETA,13600672215
,5591981823028,ALESSANDRA,CARRAMANHO,84901039253
,5591981407198,JOSUE,ROCHA,04206323283
,5591991484871,MARIA,CORECHA,26141850278
,5591988514500,GABRIEL,MARTINS,01306861233
,5591981209280,HELDER,BRITO,60294566287
,5591993210102,SILVIA,MARIA,36324965368
,5591991175757,VERENA,LIMA,01338974270
,5591988383115,SILENE,PAIXAO,57927073249
,5591991492636,LUANA,PIMENTEL,67906222253
,5591996244095,DARLENE,FRANCO,01996796224
,5591981201038,CELSO,MONTEIRO,99336847287
,5591992247575,AMANDA,SCHIMDT,71344349234
,5591985867993,FERNANDA,BARROS,02710238217
,5591981520097,marina,cardoso sampaio,02557574252
,5591982968004,JONATHAS,,70805841245
,5591993651111,BRENDA,RODRIGUES,02155945256
,5591980209796,vanessa,lima,97866873291
,5591981449078,KEILA,COSTA,92940439249
,5591993769352,DANIEL,COSTA,03579210203
,5591987030001,WANDERLANY,GALVAO,74087568253
,5588996230196,josue,lima,02533470503
,5591981353100,PAULA,MARTINS,90582365287
,5591980870589,João,saraiva,00257452206
,5591983097451,DANIEVELEN,SANTIAGO,02451739274
,5591992257400,RAIMUNDO,COELHO,60981563287
,5591993820309,DANUBIA,DE OLIVEIRA,38360052808
,5591986190500,WAGNER,SILVA,84813938272
,5591987482013,milene,moraes silva,82014884234
,5591982925303,DIEGO,TEIXEIRA,83525050259
,5585994409174,DARLENE,MAIA,03203904381
,5591993736213,VITOR,HUGO LOPES,88973026291
,5591984051941,DANILO,MARTINS,02295362202
,5591980356552,ANTONIO,AFONSO,05408817245
,5591991818567,LISANDRA,SANTOS,71247432220
,5591983668924,LARISSA,BULCÃO,02720810274
,5591992238505,LANA,ALMEIDA,01140295209
,5591980963520,GABRIELLY,PEREIRA,58126511249
,5521982306110,NATALIA,SILVA,99592320268
,5591980907831,LUANNA,FONSCECA,01561487228
,5591981513309,CAROLINA,CALDAS,83311360206
,5591982457370,LETICIA,SIQUEIRA,05896152205
,5591987056555,FERNANDA,OEIRAS,52579794204
,5591991122767,ELISA,MARTINS,45376441253
,5591993139996,CAROL,MARTINS,74539230263
,558492003454,CAIO,SILVA,09896285403
,5591981775977,ADRIA,RIBEIRO,78888492291
,5591983460432,CAMILA,SILVA,02931932230
,5594988174531,CINTIA,OLIVEIRA,84456574291
,5591984951009,SABRINE,FERREIRA,09543153248
,5591988120435,ELEDES,MONTEIRO,94710791287
,5591985964209,LITIANE,MODESTO,70641943253
,5591980869501,JAQUELINE,SOUZA,96597143272
,5591991150104,AMANDA,MENDES,01690217260
,5591999080166,CARLA,ESPINDOLA,06813847511
,5591989100482,ELIANA,LOPES,01660588235
,5591980289975,MONIQUE,SANTOS,04882772213
,5591988749260,MARLISON,BARROS,91541808215
,5591986259851,DAILA,SARRAF,01278465227
,5591985612975,LINE,TEIXEIRA,02671701225
,5591983582045,JHONATAN,MONTEIRO,53503163204
,5591991850155,Pai,e mãe,00304469297
,5593991945059,Geraldo,vieira,84253355234
,5591993947173,ANA,BEATRIZ,04373838224
,5591987736660,GYSELLE,MAMEDE,99231018272
,5586999495969,sara,lima,60020060360
,5591981349090,FELIPE,JARES,79991343253
,5591983536692,FRANCIELLY,BARROS,89210948220
,5591992313376,alessandra,reis,76044203204
,5591981499999,GIORDANA,NOGUEIRA,00109644280
,5591985668041,MARIO,SANCHES,70689518218
,5591981156791,PATRICIA,NOVAES,01520005261
,5592991846710,CARLA,UCHOA,78160014287
,5591982051905,RODOLFO,BRITO,95224203287
,5591980474578,KARLA,FERNANDES,00265111269
,5591982316368,rodrigo,barata,96680067200
,5591991294204,CINTIA,TEIXEIRA,94860092287
,5591985065243,TATIANA,TITAN,01258450224
,5591985860291,DEIVISON,GOMES,95232338234
,5591981869386,JONATHAN,BARROS,03978038269
,5591982234064,ADALGIZA,VERAS,51403412200
,5591984363797,FLAVIA,CASTELO,95069607200
,5591983654883,NATALLYE,QUEIROZ,51247470210
,5591993566547,MARCIA,OZORIO,01910996270
,5591980703420,JOSÉ,HENRIQUE,37407503249
,5591984288886,LUCIETE,SILVA,00166666238
,5591984080942,ROSILENE,DA SILVA,28891210200
,5594992468940,JOSE,LUCAS,60364684313
,5591983404225,SAMARA,NORONHA,06781916203
,5591982176229,ACACIO,PAIXAO,00751180254
,5591986144987,brenda,assis,04199970240
,559199198747,MARIZETE,ARAUJO,10522743234
,5591985282125,JOANA,DOS SANTOS,00215386205
,5591981531350,ARIENE,PEREIRA,03205540239
,5591980251700,JOSIELI,TSUKI,98362798220
,5591982914035,PALOMA,TAVARES,82245126220
,5511971831587,ISAURA,MOURA,70195218272
,5591984096068,MARIA,ALMEIDA,65070828215
,5591989884286,ROSANA,ZULLYNO,35018147806
,5591991287590,PRISCILA,CASCARDE,00790563266
,5591982049023,MARGARIDA,COSTA,61094218200
,5591998213866,WILMA,BRITO,25272004272
,559192541556,CARINA,SANTOS,03574412223
,5591983512675,JAQUELINE,CASSEB,63294621272
,5591991804140,SUZEANE,FURTADO,98929160263
,5591999937148,JOELMA,SANTOS,03921200202
,5591981132099,KATHLEEN,SANTOS,99149931253
,5591989015000,GABRIELA,MENDES,02448264201
,5591984204543,IZABEL,CASTRO,83919228200
,5591989876461,INGRID,PEREIRA,00758331231
,5596981251154,JULIANA,CORREA,02245339240
,5591981579038,VITORIA,AZEVEDO,01911576275
,5591989539000,CARMIANE,CABRAL,83371141268
,559691477580,MARICLEIDE,VIANA,57180253200
,5591981688807,MARIA,JOSE FONSECA,04542843220
,5591982407908,HANNA,CORREA,00491852258
,5591993701818,FERNANDA,YAMAGUCHI,00642173290
,5591982678611,MAYARA,RODRIGUES,99186136291
,5591993385406,luciane,veiga,91765587204
,5591984772865,pai,,83787151249
,5591993514676,FERNANDA,SANTANA,98355457234
,5591981104238,TATIANE,COELHO,00607008237
,5591985417129,roseane,sampaio,29689430220
,5591991214031,FERNANDO,BEZERRA LIMA,83533591387
,5591983640529,lorena,sousa,02404270257
,5594991340141,MARIANA,CAPIXABA,04020690219
,5591980869679,TAYMARA,RODRIGUES,02436519293
,5591982201111,LEONARDO,PAGOTTO,00880431261
,5591982710438,Pamela,Pacheco,02085203256
,5543998415633,LEONARDO,CASTILLO,08105932113
,5591982409207,VANESSA,CORREA,99544660291
,5591999917847,Beatriz,bastos,09681922204
,5591984065353,helen,silva,05133022204
,5591982914567,ADRIELE,VANZELLER,01215306202
,5591980366274,NATALIA,CRUZ,00077132238
,5591985527525,SANDY,DIAS,06172710206
,5591998595301,VITORIA,FERNANDES,02046975227
,5591984243975,RESEMARY,SANTOS,88359875200
,5591982357929,RENATA,IZIDORIO,70978871251
,5591996091117,LEILA,SALGADO,77186966420
,5591991009435,SAVIO,BARBOSA,03354657227
,5591985145500,MONICA,CRUZ,02658396295
,5591983663680,BRENO,FIEL,04306517241
,5591989029167,ALEX,SANTOS,02309923230
,5591992081662,ALEXANDRE,SANTOS,00081901275
,5591985264081,DENISE,MARCEDO,02449123270
,5591985894152,NERIANE,BARROSO,05160962220
,5591989490146,ARYANA,MENEZES,01241062269
,5591984601074,RAIANE,SOUZA,07631692262
,5591980663036,DUCILENE,BARBOSA,61858030200
,5591992838561,LUCICLEIA,OLIVEIRA,62002430268
,5591982673512,SILVIA,SANTOS,29859620210
,5591980187952,CAMILA,MAFRA,03970908205
,5591984536847,GLENDEA,COSTA,01915881218
,5591988199079,JAMILY,MATOS,01881966259
,5591999633093,ALINE,PIMENTEL,00696127229
,5591988322956,RENATA,OLIVEIRA,72310987204
,5591980441376,CAROLINA,RIBEIRO,07589383228
,5591982117476,ANA,SOUZA,01271460246
,5591980874856,SUELEN,BEZERRA,84887869215
,5591999919925,EDIVALDO,SANTOS,33180903287
,5591992635677,LIANDRA,MATOS,55054439234
,5591999892604,GISELE,MOREIRA,02068830213
,5581986175420,DAVISON,SILVA,07571481406
,5591982220112,ANDREZA,OLIVEIRA,02426845210
,5511978014454,JUSSARA,FERREIRA,98952560272
,5591992944111,WALTER,SOUZA,92293271234
,5591985346374,ANDRE,GAMA,98480324287
,5591992622121,AILA,SOUZA,03156011240
,5591987129783,MAIARA,LIMA,93229879287
,5591981197115,EVELISE,RODRIGUES,69671931200
,5591983573727,ORLANDINO,VILHENA,40086267272
,5591981016869,ADRIANA,RIBEIRO,00704790203
,5591980472610,Rithiely,,03442959233
,5591988195356,IVANA,DRAGO,63590131268
,5591983637340,paulo,melo,10458468215
,5591987671710,ALLYSON,PEREIRA,74722166234
,5591991900111,DAIANE,DANTAS,00392180235
,5591999612949,MARCIA,LEITE,29208618838
,5591982548197,fernanda,raiol,02078433250
,5591981880738,CLAUDIA,ALVES,98259458268
,5591991615100,FERNANDA,FERREIRA,91202183204
,5591989187409,CLAUDIANE,BATISTA,00027836223
,5591986400508,HELEN,SENA,88091961200
,5591999417467,DANIELA,MOREIRA,59881259215
,5591985107130,ANA,JULIA,10013013238
,5591989065586,TAISE,PINHEIRO,02503583288
,5591982279109,BRUNA,DUARTE,52098052200
,5591981818881,MARCELA,MIRANDA,74196880282
,5591981949567,RAMON,ALMEIDA,93212097272
,5591988119892,GIRLENE,FIGUEIREDO,72959932234
,5591985334343,MARCIO,LIMA,82081093200
,5591983411149,THALIA,MACENA,03710666201
,5591999181004,ANTONIETA,CARDOSO,16961145272
,5591984305544,rasange3la,marciel,91287162215
,5591985284011,LIDIA,PRADO,00734512236
,5591985809166,ADARIO,COSTA,72978937220
,5591999688080,CRISLLAN,SOARES,02099565260
,5591989230837,VANESSA,SANTOS,00930465296
,5591993821353,NOEMIR,ROCHA,45924406253
,5591988994748,MARIO,VIEIRA,68906153287
,5591982015582,SUZANE,GALVAO,00763267210
,5591989593221,ROSICLEIA,DE JESUS,29837928204
,5591992133937,NAIRA,MEIRELES,06796600207
,5591994451797,DIEGO,GAMA,86773569249
,5591984599009,AMANDA,PORTAL,03081572223
,5591984526579,POLIANA,VITORIA,04005268242
,5591984087809,ROBERTO,MENDES,57734941249
,5591984140406,ADELAIDE,MENDONÇA,52236145268
,5591998170559,MAX,SANTOS,03925488286
,5591983403028,CAIO,SANTOS,02010815203
,5591998106628,JEYSA,BARBOSA,90976290200
,5591984717115,JEAN,,74756818234
,5591980384817,JULIETE,,01452249296
,5598991918578,TAMIRES,SOARES,05508636307
,5591991401355,MURILO,MATTOS,02147757209
,5591989711767,SIDNEI,SANTOS,02331391254
,5591985981845,LEYDSON,RODRIGUES,03941606220
,5591989499041,GEYNA,MAIA,01766026230
,5591980696760,JEAN,SANTOS,07961876227
,5521965574404,CLARIANE,GOMES,06684892273
,5591987327232,PATRICIA,GONCALVES,04947439211
,5591985383612,THAYNA,SOUSA,03746563208
,5591992193836,HANNA,SANTOS,02070528243
,5591981949360,APARECIDA,WANZELER,73121045253
,5591992879800,nivea,malcher,50855590297
,5591980116921,MAURO,NASCIMENTO,26033640225
,5591985208679,Yuri,Camilo,04640631243
,5591998078660,antonio,santos,09612883459
,5591981003032,DENISE,MARQUES,89039882215
,5591988226629,GERLANE,UPTON,95927867200
,5591983857061,THAMIRES,MARTINS,00598863230
,5591984599721,BRENDA,PINGARLHO,85518409249
,5591980897948,JOAO,VITOR,04521985262
,5591987695832,ESTHEFANIE,SANTOS,00295075295
,5591981282761,Mariza,souza,03737912246
,5591992009838,RODRIGO,TAKAHASHI,84771577234
,5591992012716,MARIA,CORREA,01545101221
,5591984727980,SUYANE,SANTOS,79280803204
,5591981300240,Pai,,01865263265
,5591987377519,MICHELE,BARRACAS,69308993215
,5591983317995,EDILENE,VARELA,73691143253
,5591981174771,TARCISIO,LIMA,06077039209
,5591984184187,ALINE,CORREA,94211779249
,5591980594408,ster,lagoia,05456705273
,5591982184574,Juliana,Garuzzi,00892753226
,5591988600615,carlos,coentro,01198649240
,5591981952343,cesar,dos santos,92796753204
,5591987288935,SUANE,MATINI,02074449275
,5591981564087,PATRICIA,MARTINS,88682145200
,5591991909925,JONILDO,MELO,58518762200
,5591983019966,GLEYDSON,LOPES,98598740268
,5591984297340,LUZILENE,MELO,70205077277
,5591999951442,JULE,SANTANA,81129220206
,5591992149453,KATIANE,GOMES,01717212255
,5521980182009,sidimar,ferreira,12762853702
,5591981292718,ALDO,SOUZA,00565437275
,5591982018345,SAMILY,SOUZA,01159053243
,5591984771299,KAREN,DOS ANJOS,08094088990
,5591980259062,ANGELI,COUTINHO,01548550221
,5521999815556,PAOLA,LIMA,12055725700
,5591991795344,MONICA,MORAES,01091350248
,5522981066044,MARIA,RAIANE,03877287247
,5591981549478,RICARDO,FRANCA,86147820206
,5591989097559,ERICA,CARVALHO,93329636220
,5591982731763,BETANIA,CASTRO,00776881205
,5591982057985,CARLA,CRISTINA,01140807200
,5591985562323,PAULO,ALMEIDA,63082799272
,5591981647811,JOAO,CAMARA,02066703206
,5591984711551,BEATRIZ,PAMPLONA,02114998207
,5591981628705,JESIEL,SILVA,93995636268
,5591982766620,KHETLEN,GIRARDE,04947055235
,5591985074658,AILSON,SOUSA,02556231270
,5591982764278,JOAO,NETO,01362513237
,5591982502859,ADELSON,DOS SANTOS,00337036209
,5591984137538,BRENDA,LIMA,46723675843
,5591920049117,NARA,SANTOS,01872859267
,5591980744997,DIEGO,BARBOSA,02482846226
,5591985197748,AMANDA,HOLANDA,01125971223
,5591982073497,HASSEN,FILHO,95732888268
,5591996246124,rosileide,melo,74924184268
,5591980870314,AYRTON,LIMA,94492573291
,5591981352131,Silvio,Matni,02123379204
,559198826013,THAYS,PINHEIRO,02143105231
,5591985328232,juliana,,02602723290
,5521982493350,CRISTIANO,MONTEIRO,08120069765
,5591985251135,kessia,santos,06902825246
,5591993673303,LUIZ,DA SILVA,61885290268
,5591985964838,Emanuel,Noronha Gonçalves,03953902229
,5591981613985,JOSIANE,CORREA,79506895287
,5591984901435,NILDON,GOMES,74216821200
,5591982344494,elton,balbinot,02964337136
,5591984971922,ARIANE,LIRA,04209216305
,5591983155550,CRISTIANO,GENTIL,80523609272
,5591989728039,Beatriz,leão,02414079231
,5591984504075,NAYARA,SANTOS,78733111200
,5591998360842,ADELE,SILVA,78300665234
,5591982300369,CAMILLE,MACIEL,05937991273
,5593991790146,lorena,sousa,02128847273
,5591984255899,JOELMA,QUEIROZ,04282197218
,5591980316061,DOUGLAS,MAIA,04307357230
,5591981682818,MARIA,CLARA,01901546241
,5591989114617,PAULO,HENRIQUE,01671129296
,5591993687093,VICTOR,MENEZES,00604551282
,5591985931069,CAMILA,REIS,06211066236
,5591982345685,RODRIGO,BARRA,02357885203
,5521988147972,FERNANDO,OLIVEIRA,05488614710
,5591992553238,MANUELE,OLIVEIRA,02159712213
,5591982306400,ALEXANDRE,FERNANDES,61648264204
,5591998312673,WELLIGTON,,05203117284
,5591991223351,MARCOS,VINICIUS VIERA,06323623323
,5591998384016,DEBORA,PORTO,00166911216
,5591991666584,ALLAN,OLIVEIRA,80961657200
,5591980499004,NALDIR,SANTIAGO,51667363204
,5591991401713,DEIZIANE,BATISTA,92169023291
,5591984846184,ANDERSON,BARROS,02248656254
,5591986098836,ADRIANO,BAHIA,01413161286
,5591984993031,FELIPE,PORTAL,01476117250
,5591985121704,LEANE,,07967804201
,5591981017224,TIAGO,MELO,70165653272
,5591982936447,LUCAS,,08419483214
,5591991332781,REGINA,NUNES,57063451200
,5591988674076,ANDRÉ,CARNEIRO,85469661253
,5591993307352,MAX,,03855421277
,5591985840275,MARI,JANE SARAIVA MELO,71183035268
,5591981345073,JOSIANE,BORGES,65801733272
,5591980733776,AUGUSTO,MARCELINO,97242241200
,5591982859002,ADRIANA,MONTEIRO,09703025412
,5591984859595,ROBERTO,RODRIGUES,00813145236
,5591999402701,SAMANTHA,RIBEIRO,86393170204
,5591991328228,SUELLEN,SOUZA,93579209272
,5591996146419,LOUIZE,REIS,00435099248
,5591984965491,DANIELLA,SANTOS,02155784228
,5591981935404,NIELY,FAILAZ,81224214234
,550000000000,Responsável,Não Informado,
,5591992402233,PALOMA,LOPES,42930148888
,5591992362929,CARLA,CARVALHO,94042403204
,5591980868354,RODRIGO,OLIVEIRA,90676670210
,5591980435471,LUIZ,BEZERRA,01773688294
,5591992711729,ANA,LOBATO,76997944272
,5591981077402,PAULA,COSTYA,06054011286
,5591982509297,DANIELLE,FERREIRA,89905610278
,5591992115322,ISABELA,MOREIRA DA GAMA ALVES,02521742244
,5591996245341,Cintia,Reis da Silva,01169224270
,5591982105716,MARI,BARROS,92833403291
,5591988458199,LUIZ,SOUZA,08678022272
,5591988122798,DULCICLEIA,SOUZA,62177915287
,5591991638542,FELIPE,MANOEL,03742834274
,5591992144612,CINTIA,LIMA,80586244204
,5591989447920,RAISSA,NASCIMENTO,00173422284
,5591982725152,ANDREA,MASCARENHAS,60499168291
,5521993456122,ALINE,LEAL,10569940702
,5591983876537,GRACA,SERRAO,80396127215
,5591985447438,ANTONIO,RIBEIRO ROSA,69663840200
,5591988683502,SIMONE,RIBEIRO,99185520268
,5591987116122,DAVI,MACIEL,02367492263
,5591987548130,Samantha,Pantoja Gonçalves,90816277249
,5591983447932,FERNANDA,VASCONCELOS,93474890263
,5527998799551,DIOGENES,CASTRO,93035322287
,5591985672120,SARAH,MENDES,03154651233
,5591988148953,MIGUEL,CORREA,62008366200
,5591981278888,BRUNO,GUEDES,84832363204
,5591984796919,IARA,SANTOS,04225743250
,5591988056940,ELIZABETE,FARIAS,71519041268
,5591982045438,LUCAS,FARIAS,03171129299
,5591981466898,ANA,MARIA,02119486247
,5591988858862,Rodrigo,,01840381205
,5591984150299,desimar,lopes da silva,63246600287
,5591984004010,ARTEMIS,CARMEM FONSECA CARVALHO SILVA,02420458397
,5591980848833,TATIANA,NUNES,85305367204
,5591988476099,RENAN,GOMES,00045242259
,5591980326829,VIVIAN,BARROS,01622119290
,5591983214851,ERICK,VILHENA,00673231208
,5591998313840,REGIANE,SILVA,06579837217
,5591998132054,CARLOS,AVELAR,61191361268
,5591992002209,ROBERTO,CARNEIRO,68453809291
,5591985672742,ANDRESSA,CORREA,01328434206
,5591983226849,ERICA,BRAGA,98818597272
,5591991331124,LUIS,MEDEIROS,88418936215
,5591981982712,VIVIAN,ARAGAO,04523244243
,5591986228408,TAIS,NERY,01668551209
,5591984459739,Fernanda,gomes,03633636293
,5591987449572,ROSIVANDO,,71013849272
,5591988290196,JULIO,CESAR ALMEIDA,74722247234
,5591982155134,MARCELE,PEREIRA,70175018294
,5591982219532,HERBET,PEREIRA,69909075253
,5591991633261,DAYVISON,AMERICO,00155356224
,5591985115377,ALEX,NEVES,03359035259
,5591992415382,KELLY,ALMEIDA,00526999276
,5591980416897,WILDESON,,70140623280
,5591992250807,ALMIR,BACELAR,56731396249
,5591981394900,ALAN,REIS,79440819200
,5591980486593,BRUNA,CALAUTAU,01155711246
,5591980259362,BIANCA,RAMOS,02534768280
,5591991122454,IRNAID,ALVES,55566138268
,5591987373262,DENIS,RABELO,63975190230
,5591981795734,EVELINY,JANSEN,02686107111
,5591993269039,rafael,barra,91698286287
,5591985735828,Emerson,,00840732252
,5591983492128,TAISSA,CRUZ,01488657203
,5591998135266,YORRANNA,SULIAN,91778999204
,5591980185057,LARISSA,LOPES,05395544216
,5591981343542,lourival,jr,00774226277
,5591981351831,JULIANA,VANZELEI,02328971237
,5591991651178,ROMARIO,BORGES,93918755215
,5591983701580,Carlyson,de Andrade Nunes,98179527204
,5591983500033,marisa,dos reis silva,01927171202
,5591980947424,KIMBERLI,MESCOTO,02681972299
,5591980859089,PAMELA,SANTOS,04729300289
,5591992073732,Carolina,velasco,80222056215
,5591983847106,FABIO,SARDINHA,83523456215
,5591999815817,RAFAELA,DA SILVA,99569221291
,5591982540837,NALDA,KROMOKARIO,90979656249
,5591980874488,Luciana,,00021864209
,5591989596693,vitor,souza,02255404281
,5591980992286,ANADEGE,POTTER,57077940268
,5591981440891,GISELLE,BEZERRA,74189468215
,5591988017416,ANA,RAMOS,53459210249
,5591983061126,SORAIA,OLIVEIRA,04330291290
,5591985136810,MARIA,MORAES,70418608253
,5591991626944,LUANA,MAGNO,00661907201
,5591984027070,BRUNA,MELO,96711051220
,5591991101025,JONY,DOS SANTOS,91003466249
,5591981345368,LAUANA,FREITAS,06325160207
,5591991431626,ELIZABETTY,MARTINS,87955369220
,5591989787474,ESTER,SALDANHA,02737653290
,5591981507700,LIGIANE,AVELAR,71456813234
,5591985768208,DANIEL,RAMOS,04769577290
,5511980803538,CAROLINE,SANTOS,22833517823
,5591988801263,magali,sousa,14263700244
,5591981700961,MARIA,TORLEANS,80409768200
,5591984576839,ELIENE,SILVA,02531338233
,5591983045097,KELLY,DA COSTA,83061720278
,5591982253000,FABIAN,ZEPELINE,31096576864
,5547988147191,LUCIENE,PRESTES,70274922533
,5591991135642,SUELEN,NOGUEIRA,74581341272
,5591983813630,ISABELLE,CAVALCANTE,02348119277
,5591985930050,GABRIELA,MENDONÇA,03666275206
,5591989153515,CAMILA,LINS,01566312299
,5591980875227,WALENA,,73518662287
,5591999162937,LUIS,FLAVIO MORES,17976677268
,5591987320128,FABIANE,QUEIROZ,05530757219
,5591998095142,RAIANE,CARVALHO,02511327228
,5591981983058,STEFANNY,THAIS,70190417285
,5591991971797,BRUNO,ANJOS,00642421293
,5591984848501,samuel,ferreira,02745880217
,5591989481740,FLORINDA,IVANA,39148785253
,5591982151719,Shamyra,brito do espirito santo,18666355735
,5591993001217,ELAINE,BARBOSA,88772829249
,5591996168605,ANA,PATRICIA,52768929204
,5567996154024,vilda,rios,70081688105
,5591984709959,BRENNA,ISHIDA,00499886208
,5591985025918,Pai,,03340418217
,5591983155629,DANUBIA,CARDOSO,77367677268
,5591993171048,FERNANDA,RODRIGUES,02287601279
,5591988229289,natheli,nunes estumano,01659528224
,5591980836610,Fernanda,Dantas,05302492270
,5591984493120,elton,gonzaga,00866269223
,5591984302079,THAMIRES,MOTTA,94780692253
,5591989595243,MONIZE,SOUZA,01361480262
,5591980890642,ANA,DA SILVA,00721787282
,5591986050785,JESSICA,BATISTA,00779651243
,5591983131380,ELINE,MIRANDA,89401190291
,5591992736071,ROSA,PEREIRA,83672907200
,5591983453357,ROSELE,TEIXEIRA,75997690210
,5591983325495,GABRIEL,SILVA,01678085243
,5591986189640,ANDERSON,SANTOS,76644146287
,5591983457097,ANDREA,FERNANDES,53076052268
,5591987610129,VANESSA,SOUSA,70409684287
,5591985932943,IDAELMA,AZEVEDO,05930341206
,5591982339656,WILKER,MAGNO,01263179258
,5591981129939,CLEO,MARCELO SOUZA,37896032287
,5521984447749,RUBENILCE,PIMENTA,85191876253
,5591985934226,WARLEM,RABELO,48324612220
,5591980534857,LAIS,CARVALHO,00362542236
,5591996182056,RAFAEL,MARTINS,96063483349
,5591983694646,MARCOS,MORAES,88767353215
,5591985711550,FERNANDO,BARROS,01162000147
,5591999627752,ALINE,LOPES,82229880268
,5591999671449,miqueias,silva,90711572291
,5591987170812,TALIA,COSTA,04729518233
,5591984053888,ALINE,FERREIRA,00292046235
,5591981472863,LINCOM,AMARAL,94830886234
,5591998336776,PETRONILA,COUTINHO,09716130287
,5591984645506,LEANDRO,SILVA,00164035257
,5591983985950,ARLENE,FREITAS,54796830200
,5591984495026,ADRIANE,SANTOS,95406670204
,5591981724744,RICARDISON,DA COSTA,72962720234
,5591992575595,ELIANA,PINHEIRO,22165517249
,5585987286286,CAMILA,FERNANDES,04838968370
,5591998255095,REGIANE,COSTA,66845084220
,5591996111134,MULLER,COUTO,00268139202
,5591988375454,JUNIOR,FREITAS,02189073200
,5591987477201,ANTONIO,CARLOS GOMES,22339310253
,5547999698573,REGINA,,01262525217
,5591984730114,JUNIOR,,02721408216
,5591982408246,VANESSA,IERONI,02199938239
,5591992160734,LUELY,SILVA,74772520244
,5591993031583,EVANDRO,NUNES,68059388215
,5591984555378,MIRLA,,10148784208
,5591981665151,RENATA,VINHAS,99589095291
,5521980349340,DANILLI,ECHIEVARRIA,06648222905
,5591985813819,maria,do socorro santos,44270941200
,5591987688421,ANA,CAROLINA CHRISTINO,88492931272
,5591992062160,taynara,farias,54082064249
,5591981472967,Graziela,trasemita,71002869218
,5591980855007,FLAVIO,ORLANDO,80305512234
,5547984659740,ROGELMA,BASTOS,04682417363
,5591985257323,JOSE,PAREDES,70774734221
,5591982842595,PITER,FREITAS,44970331200
,5591999051175,EDRIENR,SANTOS,77876385249
,5591988412115,MARIZENE,COSTA,04801077340
,5591981774828,ADRIANA,BARBOSA,89606019268
,5591991605450,MOISES,LOPES,69816727234
,5591989673065,SUELLEN,JESTA,09341953740
,5591980269529,MARCOS,CELSO,69208948234
,5591981603312,JESSICA,GOMES,00581547284
,5593991137837,NAIARA,SILVA,93268491200
,5591980786919,ANTONIO,LEMOS,99967103272
,5591980322594,GLENDA,SILVA,05248259207
,5591993228181,ADRIANA,FREITAS,86612832215
,5591984675302,VANESSA,OLIVEIRA,95102477234
,5591982541977,JEFTH,CESAR,93740069287
,5591988456063,HENRIQUE,TRINDADE,75701952215
,5591981409545,DJANE,CUNHA,00856314269
,5591982215959,SILMARA,GOES,77539265272
,5591980746808,EDSON,BRITO,63248867272
,5591982718084,DEMY,PEREIRA,02668834279
,5591984941395,EDSON,PANTOJA,82099294291
,5591992204018,LARISSE,GAIA DO NASCIMENTO,00687941261
,5591992538798,NATALIA,GOMES,09660087403
,5591982006692,SUZANE,SILVA,02624415270
,5591982512102,ISIS,BRASIL,00995435243
,5591981818810,AMANDA,PEREIRA,00349213208
,5591988004844,CAROLINA,PERREIRA,94741050220
,5591983407098,GABRIELLA,ANDRADE,01285124235
,5538991753335,EDENIO,PEREIRA,37403699220
,5591989593825,JULLY,DA SILVA CORREA,03360351282
,5591985108438,HELLEN,CARDOSO,04743181259
,5591992428668,simei,miranda,51830574272
,5591984543829,EDYFANY,ZEFERENO,01833605241
,5512996383531,JESSICA,,05877330713
,5591987274882,MARCIA,MESSIAS,26387620244
,5591982195989,FLAVIA,ESTEVES COSTA,77040619253
,5591980154726,VANESSA,SILVA,00285785206
,5591996320550,RUANE,COUTO,01089612222
,5591983995128,POLIANA,CARAMURU,03082769225
,5591988681156,MILENE,,69757810282
,5591982649183,DANIELE,AMARAL,04657440284
,5591988828430,JOAO,SAMPAIO,60614102200
,5591982845324,MARIA,FIDALGO,37334026268
,5591986116733,JOSIVAN,BARBOSA,63841274234
,5591982432998,ERIKA,COSTA,83753737291
,5591991721935,PRISCILA,MORAES,94822930297
,5591980146203,DANILLE,LUCAS SANTOS,84386932291
,5591991125591,HELOISA,BARBOSA,45550778220
,5591986027366,ANA,,02851262297
,5591984192551,CAROLINE,,02441697218
,5591998231794,BRENDA,BATISTA,01665951281
,5591992541098,CLARA,BEATRIZ,04807479202
,5591980890375,ANA,VITORIA SIQUEIRA,05046096293
,5591984039983,ANA,RITA VALENTE,02472960239
,5591981301810,AILTON,BRANDÃO,84857412268
,5591981345517,EDUARDO,CAMPOS,64605469249
,5591998327954,ALESSANDRA,LEAO,55494463249
,5591992474126,TANIA,REGO,42603820206
,5591993930634,LUIS,FERNANDES,88495566249
,5591993645857,VIRGILIO,NEGRAO,70049609270
,5591991272108,JULIA,MARINHO,00473478218
,5591984610900,NILZA,POLIANA,03591479179
,5591981505723,MARILIA,SANTOS,79624162204
,5591984585452,MARDIA,FONSECA LACERDA BARBOSA,95749101215
,5593991800236,CLOVIS,,93893353291
,5591981574077,MICHELE,OLIVEIRA,01286443202
,5591984272136,VICENTE,,51108518249
,5591982437170,JOYCE,LUISA,05467921207
,5591984280156,DANIELA,BARBOSA,02412801258
,5591982689054,MISAEL,SOUSA,78495946220
,5594991721151,JAQUELINE,FEITOSA FAUSTINO,70311105130
,5591999138952,TASCIANE,FONSECA,00604588364
,5591996080127,LEANDRA,SILVA,05771801267
,5591983558366,EDUARDO,CRUZ,00648050262
,5591984184597,PAMELA,PEREIRA,80847811204
,5591992556559,JOANA,FERREIRA,93563744220
,5591992337507,DIANA,NOLETO,85340308200
,5591982163666,NARA,PANTOJA,00228132258
,5591985086258,TAIS,SANTOS,01049829263
,5591984361651,JOHNATA,SANTOS,02850149276
,5591986364705,JENIFER,RANDEL,00781728290
,5591984396023,VIVIANE,NERY,00828443211
,5591980874238,ROSILENE,PINHEIRO,29707056215
,5591983278319,FABIO,MALCHER,65621220234
,5591991920871,LEITICIA,CORDIVIL,02270538269
,5591985772557,thamires,,70000943207
,5591980501816,EMILY,,04983320202
,5591998263265,SAMARA,MIRANDA,53959353200
,5591988922338,GABRIELA,RODRIGUES,82886806234
,5591980811655,DERICK,FAVACHO,95289321268
,5521999309013,CAROLINA,,10445995700
,5591980165852,RAFAELA,ABREU,99314355268
,5591985646060,GILBERTO,DA COSTA,00137437242
,5591984825064,SUZANA,CAMPINA,77901290234
,5591983139906,CAROLINE,DO NASCIMENTO,78809118200
,5565992589137,SEBASTIAO,NETO,06934348133
,5591993561357,BRUNO,MONTEIRO,93233132204
,5591981305952,EVELLYN,CRUZ,04255130256
,5591980190367,DEBORA,GOUVEIA,02277044288
,5591985377433,PATRICK,,96214040297
,5591999817478,VALERIO,SAAVEDRA,22774319234
,5591988006156,AUGUSTO,CHAGAS,61526134268
,5591991779989,PATRICIA,RIBEIRO,86150596249
,5591981490325,KAROLINE,SANTOS,08337693240
,5591985125309,JOAQUIM,JUNIOR,74189824291
,5591980577871,CAMILE,GOMES,06250611282
,5591981688538,JUCIENE,SARAIVA,02153613264
,5591980328425,LAISA,SUELEM,98035789287
,5591980454168,PAMELA,,70122684257
,5591985797012,RUANY,MALCHER,03616163250
,5591982038848,SANDRO,ANDRADE,67234011234
,5591982876905,DILZA,VIEIRA,21808627253
,5591985161300,FELIPE,KINOSHITA,00434668265
,5591993136304,VANESSA,MARQUES,65833180244
,5591981000700,ALINE,RANIERE,89850475234
,5591992573944,LUCIANA,PINHEIRO,59518472220
,5591985586121,LILIANA,GUILHON,00374488207
,5591980804229,RAYSSA,EVEN,03226658255
,5591993649442,CLIVIA,BARLETA,01624526241
,5591981763717,MARIA,CLARA,19312640747
,5591982073887,VICTOR,,68218222200
,5591984072330,IRIS,,02001112211
,5519997113938,NILVANE,,03925627235
,5591980284333,FERNANDA,SILVA,00433164255
,5591989094062,MAURICIO,,00164482270
,5594991656297,BEPNHURYTI,KAYAPO,03100356276
,5591993230023,RAIANE,,02619011256
brunofreitasbm@gmail.com,5591988470999,BRUNO,FREITAS,93035268215
,5583999737473,DECIO,,01032965223
,5591982070300,lilian,alencar,10652510418
,5591981899152,MAIK,SANTOS,67508111249
,5591992226245,RUBEN,FONSECA,02128084270
,5591980445299,MARIANA,SOUSA,03585436226
,5591981361581,RODRIGO,MAGALHAES,92792308249
,5591988675342,SUZANE,,80118747215
,5547989192370,PAMELA,,03945011280
,5591985580432,SARA,SABA,01090450257
,5591983476179,SANDRA,CARNEIRO,62618792220
,5591985533516,JANDIRA,PANTOJA,45152080206
,5591984123596,WELLEN,LEAL,02590176201
,5592981534285,FELICIO,,98892720244
,5591980186746,THIENE,,77058321272
,5591980124787,DENISON,,05309945261
,5594991098821,PAULO,JUNIOR,63549255268
,5591980310923,RENE,FERREIRA,70343365200
,5521998092014,IVANETE,,01669995712
,5554994305335,GABRIELA,SOUSA,04367060160
,5591981865859,DAYANA,PARA,77675142268
,5591985521817,LAURA,SILVA,04906905218
,5591980661284,LENDA,FORLAN,00507252209
,5591988413466,MARIA,,80715648268
,5591983999184,MARCIA,NASCIMENTO,02672557217
,5591991698700,JONATHAN,,04806513296
,5591991782626,ANA,CARLA,01737242214
,5591985446515,PRISCILA,WANZELLER,82998698204
,5591983441333,MATHEUS,BRIGIDA,01617236241
,5591993051141,MARILENE,,02702930271
,5591982218773,BRUNO,VIEIRA,68274726200
,5591983638737,ANTONIO,RAFAEL,78840929215
,5585987899910,ANA,CALERIA,00920124348
,5591991968231,MARCELA,ARAUJO,04430822271
,5591989142901,RODRIGO,,00544409205
,5591992448531,RODRIGO,PINHEIRO,02563264286
,5591980934559,YANDRA,MACEDO,04137546266
,5591992079295,JORGE,MACEDO,71054774234
,5591986040453,ROMARIO,OEIRAS,01580745210
,5591985429067,CARMEM,LOBATO DA SILVA,77861493253
,5591983929085,BARBARA,JESUS,80136770282
,5591991868382,ROBERTA,AMARAL,77216962249
,5591992240588,MARINA,WANDERLEY,75382610282
,5521991638287,FERNANDA,ALVES,12576987702
,5591984177996,AUGUSTO,JARDIM,62042424234
,5591984263850,MURIEL,LOBATO,94013608200
,5591984417534,ROBERTA,MAGALHAES,86558722291
,5591981832700,TUANE,,07321152219
,5591991177925,RITA,DE CASSIA,23565705272
,5591980397679,ANNY,FREITAS,02555738207
,5591984300594,THAIS,,03937732217
,5591998173625,EDUARDO,VEIGA,70074261231
,5591989208010,SHIRLEY,CARVALHO,82444722272
,5591988123568,WANDERLEI,,01788740270
,5591983010174,PAULA,DANIELI,00674663209
,5591984744305,BRUNO,LUZ,00575638290
,5594981888013,TARILA,DAMASCENO,81821590244
,5591982628296,JANICE,AMORAS,65709250244
,5591982909460,GISELLE,FELIX,01620158280
,5591992724170,NAJINA,SILVA,82800030291
,5591980691922,ANTONIO,HENRIQUE,04135368239
,5591983353265,MARILENE,CORREA,00229921205
,5591982496464,CLEIDE,SOUSA,11773758268
,5591988655862,RUBIA,SILVA,85497398200
,5591991024069,VICTOR,LOBATO,03816981577
,5591984171677,GLEIZE,,03028441209
,5591984539376,RAISSA,FERREIRA,02977916210
,5591984402005,ARIANA,,98408496204
,5591996214510,LIGIA,BRAGA,86719300253
,5591981135318,MARIA,SA,24838888287
,5591992808710,MARLUCIA,,54950147234
,5591993667878,MARCELO,,51047136287
,5591984500528,MOISES,VIEIRA,01679955292
,555978887364,DAIANE,BOTELHO,05320946201
,5534679082942,GRISELDA,BLANCO,01170797237
,5594991315666,SANDRA,COSTA,46686797200
